<filetype binary="false" default_extension="sii" description="SCS Software" name="SCS Software">
  <highlighting>
    <options>
      <option name="LINE_COMMENT" value="//" />
      <option name="COMMENT_START" value="/*" />
      <option name="COMMENT_END" value="*/" />
      <option name="HEX_PREFIX" value="" />
      <option name="NUM_POSTFIXES" value="" />
      <option name="HAS_BRACES" value="true" />
      <option name="HAS_BRACKETS" value="true" />
      <option name="HAS_PARENS" value="true" />
    </options>
    <keywords keywords="@include;SiiNunit;[]" ignore_case="false" />
    <keywords3 keywords=".engine;.transmission" />
    <keywords4 keywords="icon;info;name;part_type;price;unlock" />
  </highlighting>
  <extensionMap>
    <mapping ext="sii" />
    <mapping ext="sui" />
  </extensionMap>
</filetype>